{
  "meta": {
    "n_players_total": 109,
    "n_players_min360": 40,
    "generated": "2026-05-21",
    "player_chemistry_rows": 2164,
    "career_familiarity_pairs": 24213
  },
  "regression": {
    "all_players": {
      "coefs": {
        "intercept": 0.28253269669018277,
        "delta_joi_top5_sum": 0.37932176632389425,
        "delta_centrality_eigen": 0.23047077264129068,
        "delta_embeddedness": -0.0315241586184141,
        "log_intl_minutes": -0.002687764869105297,
        "log_club_minutes": -0.04507049348577506
      },
      "se": {
        "intercept": 0.2623759659367521,
        "delta_joi_top5_sum": 0.1185534471989982,
        "delta_centrality_eigen": 0.19785571231467303,
        "delta_embeddedness": 0.025262943515033935,
        "log_intl_minutes": 0.040758886502563076,
        "log_club_minutes": 0.02622850491659738
      },
      "t": {
        "intercept": 1.0768238458178354,
        "delta_joi_top5_sum": 3.199584451451527,
        "delta_centrality_eigen": 1.1648426519763357,
        "delta_embeddedness": -1.2478418676609924,
        "log_intl_minutes": -0.0659430396592478,
        "log_club_minutes": -1.7183782922088893
      },
      "r2": 0.17752578807213537,
      "n": 109,
      "dof": 103
    },
    "min_360_filter": {
      "coefs": {
        "intercept": 0.9028605338618121,
        "delta_joi_top5_sum": 0.058415022457976334,
        "delta_centrality_eigen": 0.2837487003106217,
        "delta_embeddedness": -0.0397981050553286,
        "log_intl_minutes": -0.050308948343243204,
        "log_club_minutes": -0.0884221074476998
      },
      "se": {
        "intercept": 0.5567339288151271,
        "delta_joi_top5_sum": 0.19489705010492814,
        "delta_centrality_eigen": 0.3486657229047233,
        "delta_embeddedness": 0.04051538597309465,
        "log_intl_minutes": 0.07526925593679122,
        "log_club_minutes": 0.04254066480774544
      },
      "t": {
        "intercept": 1.6217091991920296,
        "delta_joi_top5_sum": 0.29972245565813854,
        "delta_centrality_eigen": 0.8138130067582213,
        "delta_embeddedness": -0.9822960857822661,
        "log_intl_minutes": -0.6683864177625337,
        "log_club_minutes": -2.0785313968953454
      },
      "r2": 0.2043211245178832,
      "n": 40,
      "dof": 34
    }
  },
  "top_over_performers_at_country": [
    {
      "player_id": 3567,
      "player_name": "Georginio Wijnaldum",
      "club_per90_vaep": 0.0618,
      "intl_per90_vaep": 0.6749,
      "delta": 0.6131,
      "club_minutes": 919.6,
      "intl_minutes": 360.0,
      "delta_joi_top5_sum": 0.3196,
      "delta_centrality_eigen": 0.1013,
      "delta_embeddedness": 0.7978,
      "career_familiarity_with_intl_squadmates": 3411.0,
      "club_team": "Paris Saint-Germain",
      "intl_team": "Netherlands"
    },
    {
      "player_id": 7044,
      "player_name": "Patrik Schick",
      "club_per90_vaep": 0.1644,
      "intl_per90_vaep": 0.7677,
      "delta": 0.6033,
      "club_minutes": 1064.0,
      "intl_minutes": 405.4,
      "delta_joi_top5_sum": -0.6967,
      "delta_centrality_eigen": 0.1541,
      "delta_embeddedness": -3.6884,
      "career_familiarity_with_intl_squadmates": 5090.0,
      "club_team": "Bayer Leverkusen",
      "intl_team": "Czech Republic"
    },
    {
      "player_id": 6655,
      "player_name": "Fabi\u00e1n Ruiz Pe\u00f1a",
      "club_per90_vaep": 0.2024,
      "intl_per90_vaep": 0.5157,
      "delta": 0.3134,
      "club_minutes": 1568.9,
      "intl_minutes": 549.8,
      "delta_joi_top5_sum": -0.0353,
      "delta_centrality_eigen": 0.1375,
      "delta_embeddedness": 0.2969,
      "career_familiarity_with_intl_squadmates": 5835.0,
      "club_team": "Paris Saint-Germain",
      "intl_team": "Spain"
    },
    {
      "player_id": 3501,
      "player_name": "Philippe Coutinho Correia",
      "club_per90_vaep": 0.2432,
      "intl_per90_vaep": 0.5266,
      "delta": 0.2833,
      "club_minutes": 3604.1,
      "intl_minutes": 438.6,
      "delta_joi_top5_sum": -0.2388,
      "delta_centrality_eigen": 0.2676,
      "delta_embeddedness": -2.2033,
      "career_familiarity_with_intl_squadmates": 5142.0,
      "club_team": "Barcelona",
      "intl_team": "Brazil"
    },
    {
      "player_id": 5485,
      "player_name": "Rapha\u00ebl Varane",
      "club_per90_vaep": -0.0432,
      "intl_per90_vaep": 0.1247,
      "delta": 0.1679,
      "club_minutes": 360.0,
      "intl_minutes": 1508.9,
      "delta_joi_top5_sum": 0.0578,
      "delta_centrality_eigen": 0.1543,
      "delta_embeddedness": 0.2606,
      "career_familiarity_with_intl_squadmates": 16083.0,
      "club_team": "Real Madrid",
      "intl_team": "France"
    },
    {
      "player_id": 5492,
      "player_name": "Samuel Yves Umtiti",
      "club_per90_vaep": 0.1521,
      "intl_per90_vaep": 0.2585,
      "delta": 0.1064,
      "club_minutes": 4565.2,
      "intl_minutes": 540.0,
      "delta_joi_top5_sum": 0.0832,
      "delta_centrality_eigen": 0.0815,
      "delta_embeddedness": -1.6762,
      "career_familiarity_with_intl_squadmates": 6805.0,
      "club_team": "Barcelona",
      "intl_team": "France"
    },
    {
      "player_id": 6785,
      "player_name": "Yassine Bounou",
      "club_per90_vaep": -0.1875,
      "intl_per90_vaep": -0.085,
      "delta": 0.1025,
      "club_minutes": 360.0,
      "intl_minutes": 900.0,
      "delta_joi_top5_sum": 0.0196,
      "delta_centrality_eigen": -0.0621,
      "delta_embeddedness": 0.4933,
      "career_familiarity_with_intl_squadmates": 9228.0,
      "club_team": "Girona",
      "intl_team": "Morocco"
    },
    {
      "player_id": 8118,
      "player_name": "Frenkie de Jong",
      "club_per90_vaep": 0.1574,
      "intl_per90_vaep": 0.2492,
      "delta": 0.0918,
      "club_minutes": 4614.9,
      "intl_minutes": 794.3,
      "delta_joi_top5_sum": 0.1017,
      "delta_centrality_eigen": 0.1099,
      "delta_embeddedness": -0.2403,
      "career_familiarity_with_intl_squadmates": 8386.0,
      "club_team": "Barcelona",
      "intl_team": "Netherlands"
    },
    {
      "player_id": 5539,
      "player_name": "Carlos Henrique Casimiro",
      "club_per90_vaep": 0.1061,
      "intl_per90_vaep": 0.1732,
      "delta": 0.0671,
      "club_minutes": 360.0,
      "intl_minutes": 692.7,
      "delta_joi_top5_sum": 0.0353,
      "delta_centrality_eigen": -0.0923,
      "delta_embeddedness": 0.3866,
      "career_familiarity_with_intl_squadmates": 8247.0,
      "club_team": "Real Madrid",
      "intl_team": "Brazil"
    },
    {
      "player_id": 5211,
      "player_name": "Jordi Alba Ramos",
      "club_per90_vaep": 0.1889,
      "intl_per90_vaep": 0.2479,
      "delta": 0.0591,
      "club_minutes": 10400.6,
      "intl_minutes": 1086.6,
      "delta_joi_top5_sum": -0.0689,
      "delta_centrality_eigen": 0.0649,
      "delta_embeddedness": -2.9488,
      "career_familiarity_with_intl_squadmates": 33094.0,
      "club_team": "Barcelona",
      "intl_team": "Spain"
    },
    {
      "player_id": 30486,
      "player_name": "Pedro Gonz\u00e1lez L\u00f3pez",
      "club_per90_vaep": 0.1104,
      "intl_per90_vaep": 0.1551,
      "delta": 0.0447,
      "club_minutes": 2245.4,
      "intl_minutes": 1084.6,
      "delta_joi_top5_sum": -0.3131,
      "delta_centrality_eigen": 0.047,
      "delta_embeddedness": -1.4581,
      "career_familiarity_with_intl_squadmates": 18356.0,
      "club_team": "Barcelona",
      "intl_team": "Spain"
    },
    {
      "player_id": 30606,
      "player_name": "Edmond Fay\u00e7al Tapsoba",
      "club_per90_vaep": 0.0865,
      "intl_per90_vaep": 0.0996,
      "delta": 0.0131,
      "club_minutes": 2086.6,
      "intl_minutes": 360.0,
      "delta_joi_top5_sum": -0.0089,
      "delta_centrality_eigen": 0.1208,
      "delta_embeddedness": -2.7305,
      "career_familiarity_with_intl_squadmates": 2964.0,
      "club_team": "Bayer Leverkusen",
      "intl_team": "Burkina Faso"
    },
    {
      "player_id": 38004,